barcode,name,price
BR06 7363 3103 6575 3917 9501 778E 2,Mix Pina Colada,"€83,81"
HR88 1765 5180 6426 1848 4,Poppy Seed,"€79,18"
MT63 FSQR 3158 2XS3 MSQM WB9F DFZC 5CL,Tomatoes - Orange,"€56,46"
AZ25 BHCA WHKF J3NL IPIP DMUX JGPR,Monkfish Fresh - Skin Off,"€77,92"
FO77 7019 3130 3791 31,"Salt - Rock, Course","€47,51"
GB06 RMYW 1772 4860 1183 00,Calypso - Strawberry Lemonade,"€76,03"
IL80 9078 2855 1052 1083 076,Veal - Eye Of Round,"€91,34"
CY60 3557 5109 9J8K ZJPT W47B IXHP,Arrowroot,"€18,28"
FR20 5452 4640 69GJ 1W93 NUVW R02,Remy Red,"€83,41"
BH48 JSRJ AFWG 7GHD LSVA 68,Mushroom - Porcini Frozen,"€35,31"
BR20 3791 9322 7378 4151 3010 998P M,Capers - Ox Eye Daisy,"€34,41"
RS37 1367 8114 1568 9543 29,Chickensplit Half,"€92,26"
PT67 5534 5611 8187 5320 0605 9,Longos - Lasagna Veg,"€33,25"
FR48 7361 7482 01H6 XMLW YDD0 Z30,Cake - Miini Cheesecake Cherry,"€56,96"
MD35 HY52 UDEV SMTH 708C AVDJ,Sansho Powder,"€87,59"
PS20 TDAZ JBMW QUJU YTCL RFNR NF5H V,Pastry - Cheese Baked Scones,"€84,22"
MU70 VRMT 1253 3500 5316 3780 955A QK,Chinese Foods - Chicken,"€88,43"
SK94 5942 7094 9306 2473 5599,Grapefruit - Pink,"€30,36"
CY83 3279 4057 4HNF CD8C Y2YG DJBG,"Turkey - Breast, Bone - In","€30,55"
BH92 TKWJ NNH4 WCPB RX70 AL,Beer - Creemore,"€77,85"
LT32 5135 2069 6573 2477,"Capon - Breast, Double, Wing On","€69,51"
RO49 CUEG 6D9D LSVW CLB5 PLB1,Allspice - Jamaican,"€98,85"
RO63 MYKE FJOL 6NSI JHZI QHRK,"Pork - Butt, Boneless","€22,84"
FR52 4209 3923 80RP XVAA IA4J H94,Wine - Magnotta - Belpaese,"€77,32"
FR62 5259 3532 62DL 2UHV NOGV C03,Wine - Rhine Riesling Wolf Blass,"€28,80"
DO50 PQE2 6857 6339 0608 5665 2035,"Radish - Black, Winter, Organic","€5,03"
IT52 C077 0807 844B OQWH M6KU FNP,Onions - Red Pearl,"€4,41"
LV08 JXFR PZF9 18QP KGS0 T,Syrup - Monin - Granny Smith,"€37,34"
PS89 FRYY QTX9 KEWK 7FKG KFIM NDPB B,"Syrup - Golden, Lyles","€21,50"
AE44 7434 8146 3141 0405 448,"Soup - Canadian Pea, Dry Mix","€96,39"
LV80 IXPN T256 GFN0 YKE7 P,Beans - Soya Bean,"€43,91"
SI80 8467 1609 0452 258,Sour Puss Sour Apple,"€43,77"
AT74 6761 4879 5762 4920,Soup Campbells - Italian Wedding,"€18,85"
MT09 YTPN 7594 6VEJ WCKK PNAK NNMW YGB,Sage - Ground,"€23,30"
SE45 5436 8311 4815 1642 6458,Plasticforkblack,"€70,69"
FR03 5304 7592 38WA X9VI C9EO E82,Yeast Dry - Fermipan,"€7,57"
PL87 0166 4830 9585 7262 1355 1927,Garlic - Elephant,"€94,80"
MD36 M3KN C2WG XA12 F6VU ECQV,"Lobster - Tail, 3 - 4 Oz","€96,44"
SA15 158W 2CTY ZO0Q V00S 5SMT,Wiberg Super Cure,"€83,60"
AE09 5400 6757 0568 3130 242,Dr. Pepper - 355ml,"€80,06"
FI67 3021 6626 7562 37,"Beef - Rib Roast, Cap On","€12,42"
BG91 IAVH 7139 12ZQ XEVL IU,Sauce - Marinara,"€87,45"
CR21 2366 8285 3933 8731 4,Eggs - Extra Large,"€68,73"
MD07 8JM3 GGJ0 LW6E 7BM4 YYML,Pate - Liver,"€26,24"
FR79 6288 6800 00ON IZ4U NP3G B72,Beef - Cow Feet Split,"€99,96"
FO85 6057 1406 7579 50,"Cherries - Bing, Canned","€54,04"
IL39 1492 2942 5755 0571 942,Cheese - Feta,"€55,74"
FR05 4238 2815 53FT PMBA GPOS U80,"Yeast - Fresh, Fleischman","€43,08"
FR05 6176 6322 604Y OSUP YFKH W24,Lobster - Tail 6 Oz,"€83,91"
DK35 6459 1330 0612 89,Yokaline,"€23,78"
FR94 5722 8227 29JM TYDX UO9U U44,Potatoes - Fingerling 4 Oz,"€49,11"
DO83 KPYE 3688 0128 7413 0577 0355,Ham - Proscuitto,"€93,55"
GR46 1670 300B YEH8 XVSK UMWV VZH,Smirnoff Green Apple Twist,"€7,18"
FR69 2668 3132 98DV JY6G EKNV N64,Nantucket - Carrot Orange,"€62,01"
LB22 3662 CFEE 0CGC 6DVT 9FW6 8U0S,Soup Campbells - Italian Wedding,"€27,10"
SK77 4182 2603 5523 8073 8360,Wine - Cabernet Sauvignon,"€61,94"
IE44 WBNB 1505 2723 2968 27,Coffee Cup 8oz 5338cd,"€60,90"
PL95 9536 8022 7231 9965 9617 5836,Squid Ink,"€4,58"
FR68 2632 0593 71DW HZCV 8YWI 828,Cleaner - Pine Sol,"€90,48"
SM78 X293 3967 519W MQ1M RCEM MAV,"Beef - Rouladin, Sliced","€6,25"
DE95 7395 7792 5333 7384 49,Hinge W Undercut,"€43,66"
ES51 7145 6741 0870 1217 2880,Thyme - Dried,"€68,42"
ME10 6759 5561 7987 8424 82,Wine - Delicato Merlot,"€50,90"
ME68 5645 2246 2260 2641 31,Table Cloth 120 Round White,"€72,30"
SM33 Z847 8122 830Y 34KN ECY3 FRO,Cheese - Comtomme,"€80,00"
ES22 9664 9727 8394 8475 7902,"Lobster - Baby, Boiled","€69,08"
LI57 9294 12V7 VUFR TPFD J,Plaintain,"€80,41"
TR77 3220 9ECA SZ5U R3GH FBGF UM,Wine - Merlot Vina Carmen,"€55,20"
GT82 0XDH DUFB KLUD MOLH OHKR JGCZ,"Juice - Grape, White","€91,83"
FR11 9877 3622 45GV OZZ3 9TUM W93,Otomegusa Dashi Konbu,"€8,79"
DO05 EMH3 0637 8747 1692 5270 5747,Gatorade - Xfactor Berry,"€81,66"
NL77 LCJB 2306 6627 61,Leeks - Large,"€49,76"
MC52 8666 9084 95RS R4MM A1AF Z99,"Soup - Knorr, Classic Can. Chili","€79,37"
PK03 JAVB DH0S YUYC ZJCM NYFI,Soup - Campbells Chicken,"€38,38"
RO91 IWOU DY6D SXKI F92Y RVJB,Container Clear 8 Oz,"€62,00"
SE51 9098 5641 3476 4321 6951,Apple - Custard,"€10,21"
TN23 6292 4451 1155 9778 4844,Wine - Trimbach Pinot Blanc,"€11,24"
TN45 2341 0887 5422 5889 0778,Carbonated Water - Raspberry,"€54,80"
GL04 3422 2718 0091 02,Banana - Green,"€27,61"
ME14 3590 1595 1034 2839 16,Cocoa Powder - Dutched,"€91,81"
CR69 0962 6456 8554 8477 0,V8 Splash Strawberry Banana,"€70,33"
MC75 9270 3755 17A8 FFBN 8KZI Q75,Radish,"€80,09"
ME31 5284 8685 6038 2319 09,Cheese - Ricotta,"€49,94"
PS87 OBSW ZOF7 8A0C FDB1 CNRK TJP1 F,Tumeric,"€69,80"
FR93 6643 8842 43AZ 2LBK AOHQ H67,"Sugar - Brown, Individual","€9,21"
TR16 1052 54PQ 181U DGGK NGJY GI,Vaccum Bag - 14x20,"€18,73"
FR67 5632 3487 52OK PQRO 6VRY W79,Onions - Spanish,"€14,27"
FR86 3829 3117 448G GTDB ASYV K69,Cake - Mini Cheesecake,"€47,94"
TR04 2899 6LD6 NNRW MF87 CGHR 75,Beets - Pickled,"€65,02"
PT89 1085 5912 0161 1133 4256 6,Dc - Sakura Fu,"€49,51"
CY21 9765 8276 EOYS GT8Q AU9L 46D7,Long Island Ice Tea,"€77,82"
GT89 QF1Z WHG6 YHSL R3CS G1MD JU5R,Coffee - Frthy Coffee Crisp,"€72,18"
IT75 F126 5575 709L ZMDS BM2T F9Y,Ham - Proscuitto,"€68,82"
GI70 YAFC PAEO FJWJ VVR5 PW6,Appetizer - Mushroom Tart,"€55,87"
HU86 0198 6913 5131 9757 1121 3400,Steampan - Lid For Half Size,"€42,89"
SI52 0095 4061 9347 409,Wine - Jackson Triggs Okonagan,"€64,68"
FR07 0147 3544 38S0 GKFS XU0X 772,Beef Cheek Fresh,"€86,67"
PS02 KANP 4FOG CPFM H8UL 3IVV C5E2 M,Soup - Campbellschix Stew,"€83,62"
LT20 0732 8302 5934 9192,Bread Base - Goodhearth,"€96,30"
CZ39 2847 5118 7831 2063 7745,Curry Paste - Madras,"€58,23"
LB60 9273 WTWM UYKU Y9OO FBHS U8LS,Cheese - Bocconcini,"€24,33"
TN87 9748 0960 4342 4976 8516,Nori Sea Weed - Gold Label,"€68,99"
IL86 3375 6597 0658 1664 826,Pastry - Butterscotch Baked,"€67,78"
FI52 9488 5102 9025 28,"Soup - Beef, Base Mix","€5,80"
FR74 7413 9313 466E HAWM 0REQ T67,Soup - French Can Pea,"€37,20"
FR87 2996 5045 27H0 DKRL 7YRR U46,Beans - Wax,"€66,96"
RO38 BSQM NZI3 K5FM MBUT 43SN,Cookie Dough - Oatmeal Rasin,"€81,17"
BR84 9389 9496 2435 0892 6309 313B Z,Bread - Petit Baguette,"€98,08"
FR88 9021 0710 12HX VZA1 J3SB Y45,Juice - Cranberry 284ml,"€32,45"
ME19 7768 5362 6683 5218 50,Grapes - Green,"€19,59"
AT95 1516 5014 9565 8230,Pork - Side Ribs,"€67,77"
SA07 23LU LICP WCEB JHRA YXVT,"Sole - Dover, Whole, Fresh","€26,93"
IL35 6980 1285 7817 8457 808,Longos - Assorted Sandwich,"€71,80"
IL82 6128 2497 9003 5886 515,Pasta - Canelloni,"€60,61"
MC65 9739 9018 69TZ 2HBM ZSOT Y22,"Salt - Rock, Course","€60,53"
HU43 4261 0907 9993 7135 2656 2822,Beer - Tetleys,"€36,47"
FR18 4099 2178 71JX KOIB GPNU T90,"Napkin - Cocktail,beige 2 - Ply","€54,80"
FR77 6543 1545 28NJ 8OKS KXDO S08,"Trout - Rainbow, Frozen","€24,86"
FR72 4673 8717 19OI JQKK FY1X Q83,Yoplait - Strawbrasp Peac,"€70,74"
MR17 1863 9210 1457 4916 8767 855,Venison - Ground,"€6,83"
FR66 8178 1079 51W2 L3BW YE2K 204,Appetizer - Mango Chevre,"€36,52"
KW49 JTVB 7GA7 FOOU RQXF HNWC UPUN EK,Pork - Bacon Cooked Slcd,"€33,49"
PS84 EIRF 21JZ HNFT QVX7 IA2Y KAYI E,Butter - Unsalted,"€83,01"
AT33 1700 9865 4027 8003,Puff Pastry - Slab,"€43,14"
FR95 6195 4521 18RH XKEF F8YI K51,Sauce - Marinara,"€29,18"
SE66 5511 3129 9759 1368 7838,"Octopus - Baby, Cleaned","€73,69"
MC51 9435 2053 47RR P4G8 OMST P59,Tea - Lemon Green Tea,"€83,03"
MT83 TQCK 8153 4QZ7 1NZ0 ULBW 8X7K XN4,Towel - Roll White,"€90,68"
GB57 WCXI 8088 8986 4096 11,"Lemonade - Island Tea, 591 Ml","€22,91"
CY56 6372 4032 SRFO DXBP 390P BWBK,Sprouts - Alfalfa,"€75,75"
FR58 7277 8863 37DA A5Q6 OXNV I73,Olive - Spread Tapenade,"€1,04"
KW46 FYVA LP1P SPEQ AXQO NCYR KDJT SW,Truffle - Peelings,"€68,41"
FI33 2607 2386 2479 23,Mushroom Morel Fresh,"€24,64"
SE82 5248 5238 8423 6057 8283,Puree - Mocha,"€48,70"
GI49 VYUX QQG9 1JZ7 UZGU UFZ,"Artichoke - Bottom, Canned","€16,28"
BG37 OIAG 3095 02YY GSAO JN,Wine - Magnotta - Cab Franc,"€7,47"
CZ42 0157 4551 9192 0502 2451,Salmon Atl.whole 8 - 10 Lb,"€56,48"
HU49 7313 6018 1025 7247 9602 2228,Seabream Whole Farmed,"€11,05"
ME93 9451 7542 0047 7191 08,Cake - Dulce De Leche,"€73,19"
DE98 9972 7516 4545 6334 13,Wine - Chablis 2003 Champs,"€19,57"
ES92 3743 9304 1892 3874 8970,Broom - Corn,"€83,66"
FR41 1193 1614 41VZ K57T ZH0G P86,Mousse - Mango,"€27,58"
IT17 O931 0263 697S HRBY C5YA NEA,Eggroll,"€1,83"
FR77 5228 8027 59FV NXB0 I2MA 911,Mustard Prepared,"€36,09"
BE59 4544 1834 7220,"Liqueur Banana, Ramazzotti","€81,99"
LV90 JWOH ZKIK D3CX F83Q O,Flour - Strong Pizza,"€11,03"
KZ74 676B T8QX S5ED EEXR,Wine - Pinot Noir Stoneleigh,"€68,16"
MU21 HOXJ 9621 8329 2081 9293 546O EO,"Syrup - Golden, Lyles","€1,87"
FR08 3990 7517 38PN YYN3 LFA2 Z34,Carbonated Water - Blackcherry,"€50,13"
GB63 UCHY 6211 5205 4319 69,Tomatoes - Roma,"€94,33"
NL87 FNLJ 7847 0943 95,Nori Sea Weed,"€6,55"
DE17 1375 4192 8751 4631 54,Bread Cranberry Foccacia,"€37,36"
BE38 6843 4340 6696,Appetizer - Smoked Salmon / Dill,"€11,29"
AE64 0923 1322 4646 8184 696,Oil - Canola,"€39,45"
IT28 V735 9006 698R HL9I XAAH MYZ,Muskox - French Rack,"€53,46"
GE50 YH68 7348 4846 4198 56,"Pork - Butt, Boneless","€40,83"
IL03 3408 1628 6956 2988 848,Sausage - Liver,"€94,32"
CH18 3236 0F7K LJ0M FL5K I,Cheese - Grie Des Champ,"€99,49"
AE97 9647 4483 9239 6675 675,Tea - Grapefruit Green Tea,"€43,22"
CZ74 7994 6523 6392 0307 1538,Muffin Hinge Container 6,"€51,38"
FR68 1236 5417 21US ZTAI U7XJ G88,White Fish - Filets,"€97,58"
MT43 QVDW 0050 2J47 BIL7 3IAB N3JW TQN,Kippers - Smoked,"€27,26"
NL70 HTSO 5647 7639 70,Foam Tray S2,"€80,67"
FR89 8668 2740 81VR EFAO MVFQ E99,Cognac - Courvaisier,"€24,33"
FR05 6900 8588 31WA 3RVI U2RD D51,Sun - Dried Tomatoes,"€56,04"
KZ29 004R MWKI ANEF RBB6,Chicken - Whole,"€5,24"
AT90 3152 4626 9374 5451,Wine - Taylors Reserve,"€11,17"
CR50 2875 8778 8379 3163 1,Tuna - Loin,"€99,76"
SM11 U510 8012 458Y FRAG YPGJ DLZ,Beef - Top Butt,"€40,24"
GT65 WK9U AH7V B4CC 9IX2 AZ78 BKMC,Onions Granulated,"€2,89"
DE49 6127 4940 9116 0862 27,Wine - Ej Gallo Sierra Valley,"€80,22"
HR03 0672 2122 6563 8672 9,Extract - Almond,"€13,86"
PS82 POQU ZS7J 4GHG KHZW 7UGZ 2BEF F,Buffalo - Striploin,"€70,12"
FR14 7231 0472 953W XXJV JD2R M69,Wine - Rubyport,"€49,79"
GB40 KIFJ 1839 5925 4480 60,Veal - Heart,"€52,42"
AT20 5487 0497 5261 0788,Truffle Cups - Red,"€37,89"
VG40 FPLP 1888 3848 5539 6378,Extract - Raspberry,"€31,03"
BE84 1090 2406 1163,Flour - Strong Pizza,"€57,68"
GR41 1729 257Z S90B ORHF NGBS NCR,Wine - Cotes Du Rhone,"€35,15"
ES19 8230 6756 4786 9031 2262,Sugar - White Packet,"€71,06"
FR58 8741 4080 87GF JMI0 KJVT D09,Pear - Prickly,"€84,24"
CZ95 6810 0133 7112 5282 2301,Flour - Rye,"€39,97"
SE06 7309 8999 1092 2554 7399,Trueblue - Blueberry,"€17,84"
CZ46 8015 1823 4937 5191 9133,Nut - Pumpkin Seeds,"€93,33"
DE94 9307 3706 1676 7314 14,Ecolab - Solid Fusion,"€9,88"
PK27 NULB HU5Z H9NX 4SX5 IHGU,Apple - Granny Smith,"€31,56"
BH80 DJHS 7RL7 4PZT 0TCP DC,Oysters - Smoked,"€48,83"
SA60 77W2 P39N JE0X RUWH 7N3J,Cheese - Cambozola,"€45,80"
LB92 1477 EEOJ SUW9 IMRE NWO5 U4SJ,Soup V8 Roasted Red Pepper,"€62,38"
IL81 2762 5419 8675 0578 006,Nantucket - Pomegranate Pear,"€58,70"
FR20 4485 9534 858A LT9E 3D0T Q84,"Coke - Classic, 355 Ml","€53,48"
FR28 1995 9528 84ZS QOUT ZF2K B44,Flavouring - Raspberry,"€23,30"
FR93 0439 5271 46MX SHPP CFE5 T48,Raspberries - Frozen,"€96,20"
MT39 GYFK 9558 9F1B 8UII J5LB VAUY 5LV,"Tart Shells - Barquettes, Savory","€48,25"
FR96 3789 3914 19VI SZ8V AAZV Y80,Cake - Mini Potato Pancake,"€43,18"
HR66 8230 6594 3083 2638 6,Bread - White Mini Epi,"€64,39"
LI52 2463 32IS YMMH RANG 9,Wine - Acient Coast Caberne,"€57,41"
IL58 6390 8210 1119 3688 648,Cake - Mini Cheesecake,"€25,57"
MD46 S344 45LC JWLS VV95 APWX,Juice - Apple 284ml,"€67,23"
ES61 6999 1886 3583 2978 3768,Vinegar - Balsamic,"€80,72"
TN27 4273 4360 8345 1810 0958,"Club Soda - Schweppes, 355 Ml","€73,24"
DE70 2633 8590 4247 0352 70,Prunes - Pitted,"€50,57"
GE51 ZL74 3975 4901 9184 01,Soup - Cream Of Broccoli,"€16,22"
SM20 M665 4007 704J TNS2 WUUW TI5,Yams,"€57,74"
NO60 4656 7779 718,Dried Cranberries,"€30,35"
FR55 3787 5446 48NK TANL A1OH M07,Beef - Top Butt Aaa,"€55,57"
RS41 0963 4134 1262 2406 70,Muffin Batt - Ban Dream Zero,"€48,74"
ES35 0248 0331 8716 6260 4991,"Quail - Whole, Bone - In","€87,63"
HR56 9566 8581 9803 5400 5,Juice - Propel Sport,"€13,66"
FR92 2773 1231 41JG L8UY HGX0 Z30,Wine - Malbec Trapiche Reserve,"€85,09"
BA80 0524 7785 7326 6469,Mousse - Passion Fruit,"€33,09"
PK97 ABIX D3A6 F2T8 UWKB LREZ,Tomato Paste,"€68,59"
FR89 8796 0709 74IO KOBV MICC W95,Onions - Cooking,"€36,73"
AD75 8996 6376 88IQ XORS 3PJR,Beer - Creemore,"€13,23"
EE73 8892 7507 7806 2809,Pastry - Apple Large,"€74,34"
LT36 8852 4964 3189 6433,"Pasta - Canelloni, Single Serve","€58,86"
SK10 4492 3243 2879 6990 6493,Orange Roughy 6/8 Oz,"€19,12"
GE13 RR60 5149 7330 2625 88,Onion Powder,"€84,31"
MT32 XICS 3736 1SYI PMT3 782C CIAR B0I,Sachet,"€93,13"
MU64 JMTT 4008 7408 6286 3612 802L KK,Beef - Inside Round,"€90,10"
FR98 5548 8864 230Y PDMH 3XBO 776,Bread - Burger,"€27,25"
FR36 3286 8640 33D9 NYDY BPCE V19,The Pop Shoppe Pinapple,"€95,53"
SK21 3760 0442 2588 3934 9810,Beer - Rickards Red,"€27,14"
EE22 7607 8352 9170 4522,"Lamb - Whole, Fresh","€20,44"
AL61 8962 5080 JBKN IMIU UAKU PZ50,Energy Drink - Redbull 355ml,"€6,26"
FR94 1208 7050 72CA WVE0 GCIT D56,"Pork - Tenderloin, Frozen","€15,05"
LB91 3338 MILB WLLO 9C3T AN5R 4XPW,Dehydrated Kelp Kombo,"€1,65"
IT03 O622 6515 218Y 9W0W SY5I 5S5,Wine - Ruffino Chianti Classico,"€4,94"
SE71 6975 9790 2869 9965 0724,Pork - Liver,"€58,61"
MC57 4481 8936 69QJ R09Y KV8M H48,Beef Tenderloin Aaa,"€30,85"
CY12 0674 4937 FBTU RKGT WAW2 FNZQ,Cheese - Roquefort Pappillon,"€71,52"
BA69 8239 1835 8406 5265,"Pepper - Chipotle, Canned","€84,23"
LI17 1296 6XRW OXL1 OW0M 3,Beans - Wax,"€75,93"
NO75 3656 6290 644,"Cheese - Mozzarella, Shredded","€49,75"
SE06 1415 1707 2154 1461 6104,"Soup - Campbells, Minestrone","€24,89"
LT25 4225 1025 0342 6677,Daves Island Stinger,"€72,89"
SE75 3863 4000 8796 1614 9104,"Champagne - Brights, Dry","€69,94"
DO41 FHOR 6014 7761 2668 2812 3756,Rum - Mount Gay Eclipes,"€90,60"
BA47 2479 0961 4594 6301,Plastic Arrow Stir Stick,"€22,17"
AE65 8868 6410 1501 8077 496,Carbonated Water - Blackberry,"€87,61"
AD77 9112 8974 OJAM ISZJ WWAW,Sun - Dried Tomatoes,"€72,52"
FR12 4347 0152 708D D7VP 2KAN S74,"Crush - Orange, 355ml","€24,08"
BH91 SXGV HKF3 KUMV OQ0E 54,"Pasta - Fusili, Dry","€24,40"
FR22 1531 8017 76YI GKEL CJIW F88,Bread - Bistro White,"€93,94"
DE56 4277 2906 0069 6193 63,Bagelers - Cinn / Brown,"€34,56"
CH88 9674 9MUR OONS V4IL S,"Beef - Ground, Extra Lean, Fresh","€29,98"
MD41 6FP6 LTN9 OCWE UG1N RGW8,Dried Cherries,"€48,67"
FR28 7831 9679 33VN PJTV 1VFQ V53,Lamb - Loin Chops,"€42,98"
GE89 FS02 3262 9340 0362 58,Capon - Whole,"€16,34"
KW05 NSKY FGAQ 5IVT YECM HXIE KSJB PI,Dooleys Toffee,"€66,10"
LT13 1939 1263 9308 1530,Ginger - Pickled,"€19,04"
FR68 5983 6859 34AQ YGHO EKLD T35,Pizza Pizza Dough,"€5,13"
KW36 MYHJ WMH0 IGTV NY4B C7A0 JFIH 5O,Wine - Magnotta - Pinot Gris Sr,"€5,61"
SI94 2439 2811 2308 775,Cookie Choc,"€17,48"
LU14 782D VMM8 QTDL RPPG,Guinea Fowl,"€39,33"
PS08 XDHU 8CKP L6KU ASOG QFPL JQAC L,Muffin Mix - Corn Harvest,"€21,89"
LU19 670J BZ7D WNVM VRX3,Pepperoni Slices,"€40,72"
MU18 HOBE 7863 7824 7714 4568 148O VR,Wine - Ice Wine,"€92,03"
IL70 4089 1051 7765 7898 554,Beef - Diced,"€1,61"
LI40 2525 0PCS HPXN U5JK X,"Pasta - Cannelloni, Sheets, Fresh","€96,08"
GR38 3587 6296 NXMS Z8TM OJWA MDL,Longos - Burritos,"€37,25"
GT36 MDYJ OE4J UZAE WEMW 7EKW OPE7,Dehydrated Kelp Kombo,"€5,28"
AZ28 FSEZ MZBE CXYW TIOT DMHP RHGH,Chocolate Liqueur - Godet White,"€75,40"
AZ16 GNJH 9KJI PVXV VKHR UTOC GUQT,Kiwano,"€74,49"
ES31 7353 1980 2051 7717 0028,Soup - Campbells Broccoli,"€94,42"
AL28 4040 1211 JBOK FTSY DVYD MIPY,Broom - Corn,"€88,42"
FR84 6510 3775 85OQ PNDZ NIIH 995,Compound - Passion Fruit,"€64,37"
FI77 2223 9019 1453 47,Roe - Flying Fish,"€52,23"
FR34 8157 1007 55MQ ANZP TU30 Y91,Bulgar,"€21,55"
FR02 2938 0743 43XY D4BG GNER 837,Hersey Shakes,"€8,39"
GI60 BHEA YAGE BIVH FK7F LRG,Grapefruit - White,"€91,30"
CR24 6420 3934 6527 8584 2,Worcestershire Sauce,"€97,99"
FR05 0896 3662 92QN TYAO A4ER Y19,"Split Peas - Yellow, Dry","€48,11"
FR63 0222 1010 55AI WSBV QNOC 250,Squid - U - 10 Thailand,"€24,42"
SE20 1911 7788 1729 1716 0485,Bread - Calabrese Baguette,"€3,80"
KZ68 992X BSDC QFJD YLE5,"Chicken - Thigh, Bone In","€81,54"
MR25 9776 6970 7434 2470 6280 119,Appetizer - Mushroom Tart,"€94,86"
CH11 6674 841X VBEK RGZP O,Coconut Milk - Unsweetened,"€15,40"
LV26 VUYD GBF2 6QNC W3PG D,Muffin Hinge 117n,"€90,99"
AE28 3690 5440 8637 2876 447,Muffin Chocolate Individual Wrap,"€90,50"
FR40 5174 3582 47CB P5UN FQWT H38,Vacuum Bags 12x16,"€29,95"
MU15 SXBC 0143 1876 6620 6569 631X XI,"Pork - Bacon, Sliced","€59,63"
CR55 9684 9440 5798 1978 1,Wine - Toasted Head,"€23,36"
DO33 U2P3 0300 2796 4698 6358 9434,Tea Peppermint,"€9,24"
IE41 JFMM 9095 7943 9799 19,"Pail - 15l White, With Handle","€10,19"
MT80 YTVM 5373 4FXY DNXN TYUA QGWI DZN,Soup - Campbells Pasta Fagioli,"€75,93"
GT06 NLMB SY9A JT5X 5PLW MBRJ 9EBF,Cheese - Mix,"€32,82"
ES04 3907 7104 8639 9929 3987,"Fish - Base, Bouillion","€24,94"
FR31 2168 1919 90OW JE2P UGTO P05,Venison - Racks Frenched,"€77,15"
TN54 3932 2364 5040 9692 2640,Chef Hat 20cm,"€10,42"
PS34 UOGI TTL2 OACI F8IW VFKI NLGS J,Tea - Orange Pekoe,"€63,66"
AD30 3787 9628 OY0Q YQOY SDHO,Tea - Lemon Green Tea,"€79,01"
FO08 2492 7928 1412 01,Quail Eggs - Canned,"€23,69"
CH47 5766 5B3K ZK1B I41V D,Lid Tray - 12in Dome,"€34,74"
AE11 3091 5479 0713 9408 963,Cheese - Shred Cheddar / Mozza,"€87,35"
BE95 4262 8182 7396,Longos - Cheese Tortellini,"€83,52"
FR69 7532 9323 074M M9BR MTJI K41,"Mushroom - Shitake, Dry","€62,25"
CH32 7169 7UEG GCPW XU8O K,Soup - Campbells Broccoli,"€36,47"
FO09 6595 7642 8847 81,Veal - Bones,"€99,51"
DE63 8954 9388 4091 7407 38,Pork - Suckling Pig,"€86,54"
FR21 8570 3172 60NX X2EE EO8G I09,"Rum - Coconut, Malibu","€56,76"
AT42 5048 6410 5425 6155,Pie Box - Cello Window 2.5,"€47,68"
ME23 0415 6195 9126 5861 68,Snapple Lemon Tea,"€85,74"
KW36 QFRM C1O0 AQUI JDIE KLAQ EYQH XV,Mushroom - White Button,"€85,53"
SA89 78VX A9MD GDER M1JJ AECR,"Veal - Round, Eye Of","€79,58"
FI26 4831 4885 4866 63,Coffee - Egg Nog Capuccino,"€23,21"
SI69 2261 0771 9882 066,"Gingerale - Schweppes, 355 Ml","€1,61"
FR57 7168 7002 01M9 P1G8 ACJT W36,Cod - Black Whole Fillet,"€57,39"
MK03 4785 UTAE QNUV 690,Onions - Green,"€23,87"
IT86 N498 6207 214T HTFC 8PPF DWZ,Ocean Spray - Ruby Red,"€93,34"
NO13 4065 6955 487,Muffins - Assorted,"€22,66"
FR19 6118 0392 79RY SGHR CARO R41,Carbonated Water - Cherry,"€72,00"
CR08 1572 2501 2096 8081 6,Wine - Jafflin Bourgongone,"€20,88"
KW33 ZFVV QTVF 3QUH TOCT G5OP OGA7 0Y,Quail - Jumbo Boneless,"€98,32"
MU34 DHCB 4775 8049 2113 5968 736N ER,"Soup - Campbells, Cream Of","€20,34"
AT05 0124 7301 6470 3344,Beef - Texas Style Burger,"€97,59"
FR96 5973 8256 791R IRLE QNAT C48,"Doilies - 12, Paper","€64,20"
KZ36 151C HJKV RUPB 2MMT,Cheese - Shred Cheddar / Mozza,"€65,21"
FI75 0304 3039 2947 56,"Veal - Shank, Pieces","€55,64"
FR53 2355 8568 47PT JYDZ XDMN 418,"Beets - Candy Cane, Organic","€27,36"
MT41 VNNZ 3755 8NPY AKVY 77TT B5RJ B2X,Bread - Bistro White,"€38,15"
AZ07 RMWD 21TQ WWFN CZNN U49N ZAC5,Beef - Ground Medium,"€58,51"
CZ53 6284 2231 1056 5109 3046,"Pasta - Lasagne, Fresh","€96,73"
HR45 1258 3090 7547 6590 3,Propel Sport Drink,"€77,06"
AZ28 AMAP BIDW 71MY PGI7 YEIT Q0P2,Cloves - Ground,"€40,92"
FR49 5925 8287 10BW DDDO QZYE F61,"Chocolate - Semi Sweet, Calets","€52,32"
CR73 4498 0588 3995 0118 3,Passion Fruit,"€77,08"
KW64 BYXT 9TVY IWW0 YOZU VIGW FFCA YQ,Tia Maria,"€29,66"
BR26 1241 7410 2744 7925 3183 188T B,Swiss Chard - Red,"€81,93"
CR62 9618 3478 7460 5708 9,Squash - Butternut,"€79,44"
BH73 GNEV DDPN QCWC BSVD YI,"Vermacelli - Sprinkles, Assorted","€9,12"
SK86 1026 3744 9540 9499 7459,Cheese - Mix,"€46,46"
BR82 8948 9419 5553 3829 5925 621A P,Lemon Balm - Fresh,"€14,95"
GR06 9852 534W ANS4 0UMY GEBV 30Z,Duck - Legs,"€31,91"
GR72 4504 640M 8OHU SSTA SYPO IMG,Bread - White Epi Baguette,"€5,83"
LU09 404S R9V6 FSUE NDSW,"Split Peas - Yellow, Dry","€98,77"
GL26 3895 3554 0047 64,"Chocolate - Milk, Callets","€8,18"
SI58 0697 1880 3640 383,"Chicken - Thigh, Bone In","€98,24"
PS77 VGUJ 15XX FFUG ADQS JTXP ZWXC Q,"Wine - Mas Chicet Rose, Vintage","€2,79"
FO10 4651 8672 2476 01,Wine - Rhine Riesling Wolf Blass,"€54,93"
FR97 7768 9442 153X 07CY MTLC 564,Sauce - Plum,"€55,54"
KW68 VJYE 55IM RY87 WPBM 1JOE EHL0 YW,Turnip - White,"€3,89"
LT66 0388 6043 9041 4331,Bouq All Italian - Primerba,"€85,06"
GT70 AQ1L MGVV BMNX QBVZ SX0I S7JL,The Pop Shoppe - Cream Soda,"€47,01"
LB58 3512 TVFW HLYM XZX1 3W3Z B57V,Veal - Kidney,"€65,06"
MK08 978R HKBY HTS0 439,Bread - 10 Grain Parisian,"€26,40"
FI82 9685 8929 5866 64,Slt - Individual Portions,"€90,87"
VG40 SCBK 5402 2323 6738 8577,Lamb Leg - Bone - In Nz,"€4,56"
LI29 0675 2NS7 9IX6 EXXW 0,Pastry - French Mini Assorted,"€83,52"
MU43 EXGR 5669 5967 8675 9292 537V FT,Mussels - Frozen,"€7,94"
FR16 8088 1659 72RN XSDC Z6LA 319,Napkin White,"€12,24"
BH06 OLLB 9JHX IY4A YRMC DS,Duck - Breast,"€40,60"
BR09 5501 0874 8759 0126 8534 937G S,Cheese - Provolone,"€83,45"
VG33 ZAXX 4333 6739 7503 5470,Sauce - Demi Glace,"€58,65"
LV87 UTHJ 2YKW IDL6 QQN4 A,Beef - Sushi Flat Iron Steak,"€71,28"
MK83 062Z GQWQ DY3M U54,Cookie Dough - Peanut Butter,"€81,51"
NO24 3600 6542 877,"Tarragon - Primerba, Paste","€47,80"
MD16 TQCZ F2LQ ARR6 HC3R DDJV,Nantucket - 518ml,"€70,38"
SK39 7734 1965 6978 5681 4432,Flavouring - Rum,"€98,13"
MC51 4951 8624 51U4 LHAQ JHCJ N68,Smirnoff Green Apple Twist,"€74,56"
RS78 9270 9597 8345 9057 06,Foie Gras,"€98,49"
MT41 LGIK 9248 8BRQ XXXY CPOU T80J CKH,"Shrimp - 21/25, Peel And Deviened","€74,69"
FR79 0474 3606 16AT D2V1 2HWU G69,Hipnotiq Liquor,"€83,66"
BR88 6330 7595 8989 0351 5283 740L C,Lid Tray - 16in Dome,"€99,97"
IL85 0006 3331 6644 9904 725,Pecan Raisin - Tarts,"€46,24"
BH76 DLIF YRVQ OANN AZNR 2G,Magnotta Bel Paese Red,"€42,42"
TN45 4593 9691 1075 0460 1275,Bagel - Whole White Sesame,"€49,09"
BG82 VVTK 5959 801R AD7R UB,Heavy Duty Dust Pan,"€77,21"
CZ70 4761 2637 7428 5495 4430,Onions - Red,"€63,91"
IT04 T288 7597 594C V5X6 NGLK ZQ0,Skirt - 29 Foot,"€11,15"
CH55 6774 57GU 41YP JXJC A,Shrimp - Black Tiger 16/20,"€93,95"
FR32 8717 8352 64D8 VJRK CF2N I82,Sauce - Rosee,"€24,23"
FI16 3213 1737 3542 04,Apple - Macintosh,"€41,00"
PT64 1473 7902 4298 1907 3933 4,Crab Meat Claw Pasteurise,"€35,29"
LI31 4265 8Y3Q BZPO FGRZ V,Container - Clear 16 Oz,"€67,78"
BE30 6850 5789 4290,Cauliflower,"€22,32"
MK54 002S NTHM YUCD 827,"Potatoes - Yukon Gold, 80 Ct","€9,66"
SM88 R681 0860 032Y R67Y 1SGO UVN,Salmon Atl.whole 8 - 10 Lb,"€40,68"
AE29 0600 5774 5289 0784 087,Nutmeg - Ground,"€94,41"
DE35 3199 6247 5941 4292 15,Sage - Fresh,"€3,96"
SK89 4365 1554 3141 4565 7788,Beer - Heinekin,"€76,89"
LT74 5578 0452 8814 9190,Bread Crumbs - Panko,"€73,21"
MT75 SZAP 8374 1PVZ KCSL W2FN 3IVK IT9,Tea - Green,"€93,52"
BH94 DACU L2VR ZD5O MXW9 CB,Fruit Mix - Light,"€37,24"
BE94 2980 2264 7378,"Wine - Red, Marechal Foch","€98,11"
PL68 1305 4987 2336 8076 2860 1754,Vinegar - White,"€49,70"
FR60 1349 6240 41TU AXPJ KFRQ H07,Wheat - Soft Kernal Of Wheat,"€73,69"
FR19 3832 2944 03V1 OMSN RGGT K11,"Turkey - Whole, Fresh","€41,79"
IL48 5615 6041 6190 8255 315,Parsley Italian - Fresh,"€55,70"
GT76 ZQV6 MR2M TQ6E XRHY AH1K OBCI,"Mushroom - Trumpet, Dry","€86,25"
FR68 1921 2878 43LI TQU8 UACY M18,Lamb Tenderloin Nz Fr,"€65,28"
AD74 8529 9468 ECOG AH25 5I4B,Beer - Corona,"€26,68"
LT45 5140 1120 6214 1486,Lid Tray - 12in Dome,"€79,24"
FR28 6366 9612 73WE LABK 52ER 518,Sour Puss Sour Apple,"€2,01"
FR05 2812 3034 916Y TAHQ 4LXL I46,Amarula Cream,"€81,16"
FR68 7091 8162 7582 4HGX PEYY T50,Cream - 35%,"€51,86"
MC73 1424 4974 41YV EI46 HVLG R32,Turkey - Oven Roast Breast,"€57,91"
NO36 4723 5412 429,Longos - Chicken Caeser Salad,"€5,30"
LV94 XEMG NQBQ 9B1B HW3T N,Muffins - Assorted,"€52,73"
AZ81 UGAE G61Q KPVR LACD OOI5 ZYXC,"Champagne - Brights, Dry","€98,35"
PS45 QRIK QISX CPUG I4ML YCIG ZPXT F,"Squash - Pattypan, Yellow","€51,31"
GE16 FI11 8939 5777 5278 56,Hinge W Undercut,"€30,62"
CZ76 2987 3120 2483 9347 5569,Crab - Imitation Flakes,"€89,07"
FR08 1315 9448 77UX M8UH NEEY 113,Temperature Recording Station,"€16,33"
FR45 0648 6048 65AA GXMS JCDS N89,"Nut - Pecan, Pieces","€67,56"
FR37 1404 0904 15QP F3ZJ VJBK R79,Appetiser - Bought,"€69,27"
LU70 505X VMRK YGLH 3MM2,Tomatoes - Orange,"€75,19"
FR20 6784 8135 61ST VEEB NASY 936,"Zucchini - Mini, Green","€89,22"
BA30 3063 5207 1965 2753,Tea - Jasmin Green,"€26,47"
LT56 9324 1688 8547 7450,Salmon Steak - Cohoe 6 Oz,"€66,45"
SM88 V750 4318 694A HOGD IYYO P6T,"Juice - Clam, 46 Oz","€52,43"
FR05 4713 0000 26QN XJ5R E2XI T18,Muffin Mix - Blueberry,"€27,21"
EE68 5222 2833 9274 0627,Beans - Wax,"€71,75"
FR23 6146 0500 664H 505O ECNO Z63,Nantucket - 518ml,"€30,90"
LU81 195E VSZR SYXY ZZ8S,Beer - Upper Canada Lager,"€18,78"
TN98 0714 5570 2337 0458 7978,Salt And Pepper Mix - White,"€46,67"
FI60 6073 6345 3245 66,Hagen Daza - Dk Choocolate,"€32,42"
IE87 VUVO 9104 0803 3422 12,White Baguette,"€2,08"
MR93 3268 7438 2951 7404 4917 183,Cookie Chocolate Chip With,"€51,60"
PL98 1257 4942 3377 1941 5765 2746,Glucose,"€47,54"
FR63 1498 8902 00O7 TRAR T0QC L89,Tea - English Breakfast,"€94,69"
PK82 UGGQ LOOV RLGR BGQG 0VAT,Coconut - Whole,"€27,04"
GI61 BSEN FO65 EXUK 77XS E2Y,Wine - Chateau Bonnet,"€48,03"
LT55 7210 4546 3392 7120,"Water - Spring Water, 355 Ml","€61,39"
IL34 6446 5285 8670 7400 838,Onions - Pearl,"€41,43"
FR05 0998 4328 31CW QHAR Q5SR U45,Sobe - Green Tea,"€91,30"
VG10 THMP 8462 7090 8043 4519,Bread - Ciabatta Buns,"€85,02"
GR21 2147 638N L2HE URDU IDM2 EZE,Towels - Paper / Kraft,"€35,59"
DK61 9691 5047 4036 88,Muffin - Carrot Individual Wrap,"€87,60"
NO50 1498 7798 164,Figs,"€10,40"
MU39 CENF 8079 4980 9793 1752 659X NT,"Veal - Brisket, Provimi,bnls","€57,24"
PT06 2988 3247 7136 7046 2363 9,Soup - Campbells Beef Noodle,"€60,35"
LV40 QUPL VINU QKJZ IDOF U,Pepper - Green Thai,"€65,46"
SM31 V919 6186 012C KAWE VFK3 7XM,Broom - Corn,"€26,36"
KZ64 859S I4O0 QBEJ GQ1V,Raspberries - Frozen,"€64,34"
SA32 06NW FKM8 JS3B LJUL RPYG,"Pepper - Chillies, Crushed","€57,19"
FR50 2707 5853 67AZ ABRV ZAUK D84,Muffin Hinge 117n,"€71,58"
MR63 0693 7247 1254 7824 4216 442,Muffin Puck Ww Carrot,"€26,49"
PL36 9671 2356 0142 9609 3532 6021,"Lamb - Whole Head Off,nz","€70,62"
BA24 3815 8722 5005 3453,Flour Pastry Super Fine,"€88,77"
FR54 7326 7088 81KV VID7 DGXB Y95,Cream - 35%,"€36,65"
CZ60 7585 2932 0589 2207 6540,Lemon Balm - Fresh,"€80,91"
MR03 8899 9130 4834 1847 6661 413,"Split Peas - Yellow, Dry","€63,47"
AD74 3023 7241 VTPK CY7I PIDY,"Beans - Kidney, Red Dry","€2,72"
GI19 ZCCL IKPF GUAM DYPO G2B,Plasticspoonblack,"€7,89"
GI33 MVBG NNLH QXTR BQQY ONU,Apple - Granny Smith,"€98,32"
MD25 LIJV CDA4 OYP7 RVRD KIFG,"Turnip - White, Organic","€79,79"
FR75 3481 1292 85JW TS37 JI8X Z06,"Potatoes - Instant, Mashed","€72,99"
KW51 UIQB LUH7 W0IF OXOW MYEX TGCF NF,Pancetta,"€10,75"
SK70 7228 3273 0009 4644 6773,"Chicken - White Meat, No Tender","€83,77"
MC43 6194 1510 13TQ KOEV OTPE T55,Crackers - Trio,"€43,39"
GL80 3973 5740 4263 36,Cheese - Swiss Sliced,"€38,67"
AD90 7688 8885 EKAA 4T3S YIIG,Pork - Side Ribs,"€48,20"
AD33 3230 9336 AM9M L3GP WEUX,Chocolate - Semi Sweet,"€26,70"
LI27 3893 9I2D EVKR J8O5 D,Vacuum Bags 12x16,"€13,14"
FR96 8283 0602 56IY GO6S 1RKJ T22,Cheese - Brie,"€76,28"
HU41 4876 2843 4912 2788 1934 8848,Bread - Corn Muffaleta Onion,"€70,85"
PL52 2020 9249 5495 9705 3378 7089,Foil - 4oz Custard Cup,"€29,42"
CR23 2917 6181 3638 6729 5,Cheese - Victor Et Berthold,"€69,25"
BR69 5932 3407 2478 9961 9038 896K A,Beef - Shank,"€55,04"
FR29 3304 8587 20VS OGTP NFTR O19,Soup - Campbells Bean Medley,"€43,02"
CZ38 8283 0723 3734 2568 4393,Spinach - Packaged,"€7,93"
LB05 6508 A7XI UVGF 4LDK XKTI 9X8D,Soup - Campbellschix Stew,"€25,82"
HR09 9283 1709 7347 3576 8,"Radish - Black, Winter, Organic","€51,49"
BG73 EELD 5751 29SK SYWB FB,Oil - Margarine,"€52,43"
AL80 7987 7872 NRHH WDKN JXRY QOSS,Sambuca - Opal Nera,"€62,97"
PT53 0662 2771 3569 7278 7748 7,Vinegar - Cider,"€93,42"
PT54 5121 5611 8694 1226 3720 1,Flavouring Vanilla Artificial,"€5,98"
FR75 7983 2664 23OU OENR F7KU 848,Grapefruit - Pink,"€34,57"
AD81 8308 1189 0KWS 5HSY CO0J,Veal - Eye Of Round,"€64,53"
GT52 UYGC VUZO HUYE NUDY BVG1 49MZ,Bananas,"€26,67"
LB55 1479 LMFX EW7T LMYB UZSL HIKD,Hog / Sausage Casing - Pork,"€30,56"
GB40 ARJZ 6296 8408 3705 91,Skirt - 24 Foot,"€12,38"
RO94 ZTCF AYKF JGCG CAWJ KLOR,"Wine - White, French Cross","€48,27"
IL15 2606 9653 4347 4651 655,Sour Puss Sour Apple,"€77,48"
AZ38 BKAX VGH6 CLZH PXP7 HKHP YOL5,Pear - Packum,"€3,00"
SK91 3033 9500 1560 2383 5926,Tomatillo,"€53,03"
IS78 3698 6440 8483 1377 8708 44,Bread - Triangle White,"€90,25"
KW92 PEMP RFJQ MUGA FQWL NSAO I24A BO,Sterno - Chafing Dish Fuel,"€46,54"
FR43 8429 4523 48LR QUGR 8WMB L33,Ice Cream - Fudge Bars,"€70,05"
NO37 2117 0479 943,Langers - Ruby Red Grapfruit,"€56,46"
FR55 8775 2058 67JT MZDJ ZYQ5 H45,Chocolate - White,"€4,47"
BH45 PCFV QWIY CVBF 2EWR WF,Longos - Assorted Sandwich,"€21,34"
RS48 3144 1072 8576 9458 55,Coffee - Hazelnut Cream,"€49,63"
FO12 7646 9326 9162 85,Toamtoes 6x7 Select,"€11,02"
BH64 QNBE A0HA WOIN VE0Z FX,Foil Cont Round,"€1,77"
FR83 4179 5094 50CK EIAX SEZA Z48,"C - Plus, Orange","€5,82"
BA18 6139 0962 9992 1849,Carrots - Jumbo,"€37,52"
MU66 MHOP 9267 1995 5457 7502 142G YX,Cod - Fillets,"€53,14"
IL14 9732 2736 3917 6393 849,Bread - Multigrain Oval,"€17,60"
SI17 5874 1249 2624 710,Sugar - Cubes,"€48,49"
KW61 JVUF RRSI LOR0 JEKO AQH5 7JWH A7,Bread - Granary Small Pull,"€30,88"
PS44 FQNC LNW7 ISMI LHWT AIFL UML6 M,Bread - Sour Batard,"€39,61"
FR52 4946 1134 86JT CSI4 CCES Y11,Wine - Cousino Macul Antiguas,"€15,99"
GT52 T5NU NYNF Q7V0 UJ4P NXRK FALD,"Stock - Beef, White","€12,52"
FR19 6557 7606 51FQ LTQ0 G7ZV R17,Bread - Frozen Basket Variety,"€18,81"
FR91 6776 0738 06G4 HVPH MYZO X04,Soup - Boston Clam Chowder,"€87,81"
FO54 9794 1174 8616 98,Energy - Boo - Koo,"€65,88"
BA08 1030 1590 4669 6683,Kippers - Smoked,"€14,01"
AD98 6462 0890 MN5T UPNJ HPKX,Cake - Box Window 10x10x2.5,"€70,82"
CR80 7520 7022 8389 3874 7,Oil - Grapeseed Oil,"€23,67"
DK41 8800 9755 0418 13,Bread - French Stick,"€63,55"
MK07 830Z SNS7 AYST Q17,Bread - Malt,"€31,65"
FR71 2176 4257 82M1 MYPK SLFL Q14,Foam Espresso Cup Plain White,"€57,87"
FR79 6822 4986 456W M6FT Q9WI D83,Syrup - Monin - Passion Fruit,"€12,74"
LI59 7123 7UZM QZWE YUXG C,"Rosemary - Primerba, Paste","€27,30"
MR70 5275 4065 0516 5791 0990 005,Bacardi Breezer - Strawberry,"€16,44"
LI88 0494 7SEW HRMK GLIJ C,"Seedlings - Buckwheat, Organic","€67,97"
AZ14 GJMU SHRM 2NA5 XUEV BR5L KRTR,Wine - Toasted Head,"€39,62"
AD58 8162 5144 LQGP G6ZV FMVN,Chocolate Bar - Reese Pieces,"€92,29"
RO46 RWLP D9KE HMDV GZW9 R9DF,"Sauce - Gravy, Au Jus, Mix","€23,88"
LT65 8603 8121 3926 7823,Pepper - Red Chili,"€92,66"
MD98 T5DP NUHH OAIV JQHI ORPN,Flour Dark Rye,"€13,36"
NL77 VVQA 3283 0817 48,Iced Tea Concentrate,"€73,89"
IS36 8868 9376 1470 0771 9800 96,Tomatoes Tear Drop Yellow,"€30,23"
IS92 5764 1276 9095 5968 5980 12,Lid Tray - 16in Dome,"€68,49"
VG96 TMAX 2257 8391 3943 4678,Cake - Cake Sheet Macaroon,"€81,96"
MD62 RF3S PVJB VXQ8 47X8 3R3U,"Seedlings - Buckwheat, Organic","€26,46"
SA04 91AZ QOI3 FHYS MMQP 8MBK,Syrup - Monin - Passion Fruit,"€14,29"
PS10 GQDF OOQ3 9AXG 4GKM 6PD4 8OFH 1,Sea Bass - Fillets,"€9,51"
FR46 0663 5266 62W2 UXVN VAJT P17,Dried Cranberries,"€90,64"
BH13 YVAF NKDE IJ2H Y5TM 66,Tea - Jasmin Green,"€54,30"
KZ80 530D KAAS LOEZ EEPF,"Wine - Red, Wolf Blass, Yellow","€62,84"
FO64 3567 9559 7881 50,Kahlua,"€98,22"
SI79 6784 5762 9834 975,"Tart Shells - Savory, 4","€82,40"
CR20 5887 7340 3328 8540 1,"Napkin - Dinner, White","€88,49"
GB14 AVFK 9731 9555 0691 57,Beans - Wax,"€89,53"
FR33 5005 4403 03C2 ZGPO J6KB G82,Sterno - Chafing Dish Fuel,"€39,97"
DO72 NCZO 2821 8810 6817 0425 4822,"Pepper - Chipotle, Canned","€56,50"
IS25 8536 5340 5860 5738 8147 79,"Pork - Butt, Boneless","€9,37"
FR34 9328 2210 705V NKY2 UIL1 J71,Gelatine Powder,"€37,61"
GT89 SF1U JDPF ZDIB HFSA JCDY VVAS,Tobasco Sauce,"€5,28"
BR48 5476 7458 3599 8115 3851 310A B,"Juice - Apple, 1.36l","€5,78"
TN80 2306 9094 4276 9736 0923,Syrup - Monin - Granny Smith,"€62,72"
HR61 3031 6732 7128 8424 0,"Cherries - Maraschino,jar","€98,86"
TR86 5861 26EX KG2Z GITA NIZL SR,Pails With Lids,"€56,09"
AL08 4092 9759 JXTA JRX4 1GNL EWUC,Soup - Campbells,"€95,06"
FI69 3629 8246 5071 96,Pie Filling - Apple,"€29,52"
ES66 9950 0686 8033 9063 2590,Buffalo - Short Rib Fresh,"€62,68"
LB73 1331 UKBI 9IUY TVGQ V6DB B9WW,Ice Cream Bar - Rolo Cone,"€52,20"
MC79 9049 4225 91IB OU5F JJQL V78,"Wine - Magnotta, White","€24,80"
BH31 KSKV AGUM H237 5PJQ PR,Pike - Frozen Fillet,"€87,59"
CY68 0197 9929 A8E8 4SM2 KSCG AJKA,Island Oasis - Pina Colada,"€46,14"
MC60 8808 5969 77BN DWK9 9MZ8 T82,Truffle - Whole Black Peeled,"€50,42"
SA45 69KL G7JA GUGV OFJW 4ZD2,Glycerine,"€23,39"
CY46 1153 5955 OSJK VWJP PAHE IDJO,Sansho Powder,"€70,48"
FR36 9110 7848 908I LG5S 20HE R59,"Flour - Corn, Fine","€67,42"
KZ09 293J HTFP MHKS ZFQE,Mix - Cocktail Ice Cream,"€48,74"
LI86 9947 1KEM XTM7 NBCQ X,Wine - Savigny - Les - Beaune,"€76,41"
FR67 1647 5656 8523 NJPK IFUA M37,Chocolate Bar - Coffee Crisp,"€35,87"
SE09 3744 2076 0117 2888 7093,Pork - Inside,"€24,67"
IE32 KFSK 4954 1751 7960 62,Foam Dinner Plate,"€55,31"
AE45 5601 7347 7651 6292 257,Sprouts - Bean,"€69,52"
IT58 Q996 1322 8581 HDOI YXKV ETL,"Olives - Black, Pitted","€93,90"
DO73 L2DC 2102 5634 7416 0162 3572,"Squash - Pattypan, Yellow","€88,26"
FR49 9415 6543 35Q0 9IAB 668U I54,Nectarines,"€14,91"
LB18 5791 Q76F KIW0 7XND VJWJ 3AHM,Veal - Kidney,"€84,78"
TR89 6866 0QSN 424E VTCY IISK RW,Bread - Calabrese Baguette,"€55,41"
FR06 1894 5692 69NQ CLJC BMIR K29,Wine - Zinfandel California 2002,"€4,07"
FR03 7654 0199 56WS VNCV HYGZ W84,Wine - Casillero Deldiablo,"€77,69"
SI17 6028 9908 2944 101,Bread - Olive,"€24,84"
AZ18 WXKO P0V3 WPQ4 5YN6 FLU4 ZW51,Snapple Lemon Tea,"€80,37"
DK60 7671 6529 1194 86,Flavouring - Rum,"€51,33"
FR22 8894 1925 92E3 HCVW 2ZGV 471,Wine - Beringer Founders Estate,"€66,10"
FR82 5084 7730 58PH YGX4 ISEP O38,"Pepper - Chillies, Crushed","€18,65"
PS70 HNEX M2WA FFHC M2JO XW1P 8OUB 9,"Crab - Blue, Frozen","€38,18"
FR82 6444 5491 27ZK FGNB RD8I J94,Bandage - Fexible 1x3,"€81,18"
EE48 3488 6034 6867 9634,Soup - Verve - Chipotle Chicken,"€25,19"
VG10 WOZK 0200 9023 9805 7075,Muffin Mix - Corn Harvest,"€6,00"
BG47 WIKD 2174 64FE CPOE PM,Beef - Top Butt Aaa,"€50,30"
BG73 GTZH 9175 42UO KWVM PD,Ginger - Fresh,"€26,67"
FO82 8135 1557 6139 84,Oil - Pumpkinseed,"€62,67"
CY35 0599 8874 CTA0 VYUT 6X4N 8PUV,Cup - 4oz Translucent,"€69,76"
FO46 4538 8633 4446 33,Bread - Italian Sesame Poly,"€43,40"
LT98 8157 8819 5222 5074,Extract Vanilla Pure,"€18,25"
AL19 5063 3654 LVWG J8SJ MDRC HAXO,Pork Ham Prager,"€74,13"
HU32 7503 9056 8368 2258 6568 6387,Tea - Orange Pekoe,"€56,34"
FR74 8048 3625 294G K0A5 P5P3 279,Shrimp - 100 / 200 Cold Water,"€74,76"
LT53 7567 3976 8081 3945,Thermometer Digital,"€48,88"
DO29 ORSN 9318 0471 3707 9815 0178,Cookies - Englishbay Oatmeal,"€86,73"
BG77 LWQO 4386 75TM NVO5 IH,Cheese - Taleggio D.o.p.,"€14,46"
LU17 4400 6CNQ 3QZT RCI1,Cookies Oatmeal Raisin,"€12,85"
BR65 9711 9912 5411 9108 6834 511E F,Sauerkraut,"€36,68"
SA11 77WP J0JL BT9N KRQZ J3HC,Egg Patty Fried,"€25,65"
GI78 FHZG F73J WLQ8 VJHC ROM,Soup - Campbells Beef Noodle,"€39,85"
FR05 3541 8507 85KB O5G4 ZGV1 R00,Kirsch - Schloss,"€51,94"
EE09 2918 8059 0265 3099,Cauliflower,"€98,58"
RS49 6391 4830 3985 8096 88,"Lemonade - Mandarin, 591 Ml","€31,52"
IE51 FJDE 2489 5481 7688 43,"Lentils - Green, Dry","€91,87"
FR10 9973 1975 52KM PM8Y ILPP R17,Burger Veggie,"€68,79"
FI82 2985 9928 4808 82,Daves Island Stinger,"€56,75"
GI72 XWUO WVZH YI5S FBZQ F4A,"Pepper - Paprika, Hungarian","€68,94"
CH34 3351 8JDF 11P9 CF19 C,Barramundi,"€16,50"
IE06 DMDY 2548 9802 1509 16,"Bread - Roll, Italian","€48,48"
CH30 7050 6ZZA LAGJ AXO6 W,Red Currant Jelly,"€73,15"
MC97 3068 0797 26MC XYYR 5A1D D45,Tomatoes - Hot House,"€89,79"
AL94 2189 8076 AQAW FCBU KA5R PK7L,Wine - Barolo Fontanafredda,"€5,06"
FR78 2595 8185 02BB UHHV F5EE B92,Worcestershire Sauce,"€4,61"
GI08 QSDC 6TGE UL44 2AB0 TVD,Wine - Cotes Du Rhone,"€96,21"
AL65 1272 3534 9O7W EGCW QITS XE4E,"Rosemary - Primerba, Paste","€23,23"
FR30 8724 2937 76LR 5DVH E1WV F58,Wine - Guy Sage Touraine,"€75,80"
BG21 MDAD 5821 56RZ RPKL XC,Steampan Lid,"€85,29"
SI82 1707 6366 0179 295,"Yogurt - Strawberry, 175 Gr","€54,90"
SI95 1679 9818 4943 777,Lamb - Rack,"€88,42"
SA39 561M IVHX 9PFY VVCI UD2Y,Wine - Magnotta - Cab Sauv,"€42,36"
FO51 9201 7588 9949 54,Horseradish Root,"€2,78"
ES96 0764 8250 8730 5682 0999,"Tart Shells - Barquettes, Savory","€2,13"
DK30 5222 7111 1399 23,Bread - Assorted Rolls,"€97,72"
MD61 P9X7 UH2C WKFN SCXI U6G8,"Quail - Whole, Boneless","€73,04"
BH52 FSOY XXWW A38L K8VJ 7B,Langers - Cranberry Cocktail,"€46,78"
SE89 4163 8243 6614 3194 8330,Lamb - Rack,"€86,78"
AD45 0446 6711 EORK BSN3 KGK4,Wine - Chateau Aqueria Tavel,"€56,62"
GE67 ZM16 1402 0947 6220 12,Coffee Swiss Choc Almond,"€12,29"
LT21 8178 4560 9293 7327,"Cheese - Woolwich Goat, Log","€72,05"
GB15 HHXF 1581 4042 1210 69,"Lemonade - Kiwi, 591 Ml","€75,78"
MD36 G5XM RBFM AOMW 1RUE BMWT,"Tart Shells - Sweet, 2","€50,92"
FR82 9127 0245 69UT IBKD 0S7X F05,Pomello,"€31,54"
GB10 GTBB 6469 5152 4149 55,Chocolate Bar - Coffee Crisp,"€88,43"
IL38 1597 7065 9763 3749 726,Curry Powder Madras,"€94,78"
CR92 4360 4344 1921 4013 9,Salmon - Canned,"€64,46"
ES44 1192 7532 0264 5472 3251,Grenadillo,"€76,34"
TN12 9570 7541 4832 6211 1402,"Pepper - Paprika, Hungarian","€61,21"
MC42 4055 5726 208M JVU0 TUAV K20,"Wine - Red, Mouton Cadet","€82,80"
SM52 P022 9693 655H W4VA T1AT Q8J,Yogurt - Assorted Pack,"€81,94"
AE71 6114 8755 7394 8939 578,Wine - Chenin Blanc K.w.v.,"€50,07"
FO06 4128 7987 9824 35,"Pasta - Rotini, Colour, Dry","€94,80"
FR79 8258 1666 41X9 GJTT CAN4 301,Tart - Lemon,"€36,45"
FR32 8021 1579 53OI 1KRX 8SD0 988,Tuna - Sushi Grade,"€30,67"
BG26 FPKZ 3625 76HB X6LA MU,Wasabi Paste,"€37,36"
TR78 3854 0PNC JAU8 NPD5 UCUC HY,Chocolate Bar - Coffee Crisp,"€40,33"
FR93 9464 7850 82QD Z9Z9 A7ZN G94,Sauce - Fish 25 Ozf Bottle,"€89,24"
DK90 3373 1004 0429 99,Veal - Nuckle,"€12,92"
CZ74 0675 1687 5055 1209 5387,Whmis Spray Bottle Graduated,"€71,68"
ES56 7226 1670 0260 1145 0094,Figs,"€87,41"
DO30 EYFS 8436 5568 4657 0053 0864,"Soup - French Onion, Dry","€58,87"
GR81 2009 902I VGCS 9DSU D9LU BKW,Soup - Campbells Mac N Cheese,"€55,15"
DO69 PLSP 4678 4640 2321 7581 1134,"Beef - Rib Roast, Cap On","€81,15"
SK37 5386 6734 5843 2634 9224,Bagel - Ched Chs Presliced,"€37,22"
SA52 41E5 THIL S8MS 2ITB 0ZIM,Yoplait Drink,"€37,26"
IL81 4994 3527 3717 8833 160,Apricots Fresh,"€67,32"
CY32 0048 6808 H6Q9 BFXA XXVD HOSU,Fennel - Seeds,"€43,68"
AL75 8850 7793 4LQR UTJM MCLA L5IP,Table Cloth 120 Round White,"€86,80"
FR95 5214 0119 35J1 BUST NZYP O62,Wine - Touraine Azay - Le - Rideau,"€19,61"
AD27 4474 7398 ABRD 3NTJ KDVX,"Seedlings - Buckwheat, Organic","€15,26"
MR32 0081 4641 8880 4384 3288 942,Wine - Jafflin Bourgongone,"€23,42"
IT76 P376 7638 892J IRJ0 DQMX SR7,Wakami Seaweed,"€21,60"
MD51 ZKSZ 2XWU XCYG HK3Q UQ0U,Coffee - 10oz Cup 92961,"€67,83"
FR58 0373 0311 55F4 8O5F 9EEQ N22,Paper Towel Touchless,"€68,11"
EE67 0290 7510 0968 2332,"Mushroom - Enoki, Dry","€63,52"
RS75 5694 1163 5204 1344 81,"Beef - Tongue, Fresh","€60,13"
LB15 6192 7VBK KOSV QG7U QJLJ KFNY,Veal - Loin,"€58,08"
CZ60 7686 9619 8477 4157 3215,"Fish - Artic Char, Cold Smoked","€16,30"
RO86 DZUY 5PZ4 DS4H PCXC JO4R,Nantucket - Pomegranate Pear,"€62,59"
FR81 8889 1835 93CO GWLU 1VNR V12,Cheese - Victor Et Berthold,"€24,24"
PL79 7925 6255 4010 5647 1862 9754,"Salt - Rock, Course","€46,16"
FR93 4652 4335 65YR 2OMM OLZL U20,Gingerale - Diet - Schweppes,"€94,58"
AT11 5439 9779 9771 1371,Extract - Lemon,"€13,92"
PT53 6826 2012 4480 9307 6979 6,Pastry - Banana Muffin - Mini,"€93,10"
BG82 KYMT 5469 99VT ZNSP RL,Vinegar - Champagne,"€63,05"
MK96 799P 4P88 KMYT Y40,Beans - French,"€2,68"
BE74 8608 2071 1262,Pie Filling - Pumpkin,"€62,47"
GT09 EDDU DBLC KLQ6 KCFU JGZW F5HY,Venison - Liver,"€98,83"
GE37 IR51 5804 4701 6924 56,"Bread - White, Unsliced","€1,73"
FR86 0087 3013 51ON OO53 VJJV 297,Cheese - Brick With Pepper,"€69,15"
CY09 0350 3680 K9ML NKHT WGQK USHM,Beer - Creemore,"€19,71"
MD49 R0SD RIPR G9WV MKEF QUGL,Longos - Penne With Pesto,"€56,14"
NO24 4923 9513 058,Evaporated Milk - Skim,"€9,07"
FR30 9146 6411 930O VBVX DFRV 666,Muffin Hinge - 211n,"€45,78"
FR26 6620 3213 24GY 1JLL 3VU9 W44,Wine - Sake,"€61,98"
LV90 RGWX 3XTT AZPT VXZS N,Chocolate Bar - Coffee Crisp,"€83,81"
GE84 XI92 5916 2370 2537 37,"Gin - Gilbeys London, Dry","€18,53"
FO23 3720 7356 3067 90,"Pork - Back, Short Cut, Boneless","€51,59"
FI69 3502 0801 2229 35,Cheese - Pont Couvert,"€8,45"
AE49 3661 1365 1868 4553 398,Bread - 10 Grain,"€27,65"
FR85 9349 5576 44QN IPHY QIIG S02,"Stock - Veal, White","€49,80"
FR80 1675 7582 1217 AYLL NTGP 510,Wine - Beringer Founders Estate,"€69,07"
FR36 4220 0700 72XQ C7KI 8ALG M60,"Lemonade - Island Tea, 591 Ml","€72,69"
RS66 9765 3994 6759 2747 80,Praline Paste,"€41,40"
SE60 8256 3693 0612 7850 9550,Foil - 4oz Custard Cup,"€45,61"
AZ48 ZGNL DKMX IIXE Q9MG SWX6 JGCV,Wine - Riesling Alsace Ac 2001,"€97,76"
GE05 ST41 6041 5662 2137 35,"Yogurt - Raspberry, 175 Gr","€79,50"
MK97 2999 XDSE BMPA 904,Pastry - French Mini Assorted,"€5,45"
DE92 5218 6710 2629 4624 15,English Muffin,"€84,52"
BE21 7745 9551 9552,Bread - Olive,"€70,92"
CZ93 7529 1637 7917 5804 8887,Coriander - Ground,"€65,16"
FR74 8183 2531 06WM X3Q3 S0ER 665,Pepper - Red Bell,"€54,42"
FI85 7455 2766 7225 04,Pasta - Orecchiette,"€24,22"
SE52 6030 3819 2990 2578 8361,Sauce - Hp,"€14,60"
HU45 5920 5757 4542 4631 6112 2551,Wine - Stoneliegh Sauvignon,"€13,04"
FR09 9521 8400 84KD ZKDR LTCM X70,Creme De Cacao White,"€74,59"
LU08 397R D4EN YQ4M 9NUK,Rabbit - Whole,"€28,82"
IL33 7443 4975 0666 5929 912,Shrimp - Black Tiger 16/20,"€59,61"
FR85 4373 0668 30DG LXAT GVUK V33,Pineapple - Regular,"€75,76"
RS42 0837 5307 5893 9799 14,Chocolate - Sugar Free Semi Choc,"€79,95"
LT38 1089 8597 8604 2942,Nantucket - Kiwi Berry Cktl.,"€57,53"
KW36 CXRL JRY4 BFCK ICXO NZAG EM4O NM,Cookie Double Choco,"€80,11"
CZ81 6027 7661 0422 9913 4481,Sugar - Cubes,"€21,81"
RS59 2285 2219 4282 2925 73,"Cheese - Woolwich Goat, Log","€91,53"
GB40 QTHQ 8034 8433 1517 01,Appetizer - Lobster Phyllo Roll,"€20,06"
FR25 6583 3308 21Z2 9BS0 UJHZ F78,Tea - Vanilla Chai,"€76,98"
CH52 3500 8VCG QCQZ LTYU X,Taro Leaves,"€75,74"
FI76 7010 8563 9070 82,"Wine - White, Ej Gallo","€67,93"
TN60 3877 3679 7595 6628 5738,Jello - Assorted,"€35,80"
FR45 8562 2077 070Y VDG8 NPFN A24,Flower - Daisies,"€66,33"
FR30 9219 4901 54NX RY7F NTPV R38,Tuna - Bluefin,"€32,53"
IE32 NMON 7834 4518 1714 01,Pernod,"€72,24"
CH97 0114 9OFW DXCQ E7YF F,French Kiss Vanilla,"€69,02"
PS70 HZHS LMKB KZI6 PYFS 6KPH P9XD G,Wine - Cabernet Sauvignon,"€72,14"
MK36 494J KWHV GSML 602,Chivas Regal - 12 Year Old,"€92,05"
DE24 5923 8968 0316 6948 85,Oil - Macadamia,"€42,30"
KZ32 143G XDG8 2LEQ ZN5U,"Yeast - Fresh, Fleischman","€7,47"
SA84 54JD MHIW 8RW6 QYRG A4SP,"Pasta - Lasagne, Fresh","€69,85"
CZ96 2223 0406 0179 5631 8414,Table Cloth 62x120 Colour,"€79,43"
CR14 9414 6360 6835 7107 3,Soup Campbells,"€44,73"
PT82 9167 7769 9725 0927 4516 5,Gatorade - Fruit Punch,"€3,44"
MD85 BDVH RICP PN9S 1CYQ ZCRF,Tart - Butter Plain Squares,"€54,70"
MR80 8509 2082 1695 8458 8052 665,Danishes - Mini Raspberry,"€92,64"
PL50 4834 8127 3881 3874 4759 5225,Wine - Charddonnay Errazuriz,"€84,10"
PT44 9925 4027 6851 7169 0962 4,Red Currant Jelly,"€29,47"
FO25 5654 8419 4815 62,Beef - Inside Round,"€36,14"
AL50 3824 3792 B74V BAJF E1S8 OGHD,Seabream Whole Farmed,"€86,34"
CZ06 3302 1175 0288 0432 4825,Lobster - Live,"€51,41"
PK53 GIQS LBLT 9GLH 4S7I XFZ3,Nut - Pumpkin Seeds,"€64,49"
FR17 9448 0660 96MR C7YK KCZW I74,Pastry - Cheese Baked Scones,"€56,63"
SI17 4539 9360 2899 298,"Nut - Cashews, Whole, Raw","€71,51"
LT28 5768 0669 4455 8010,Syrup - Pancake,"€64,89"
SE61 7958 3026 8341 5897 9569,Ketchup - Tomato,"€29,17"
PT85 6432 6774 1236 4631 9837 7,"Cherries - Maraschino,jar","€20,28"
FR88 5099 9232 63UR TTIR BSFV O73,"Sugar - Sweet N Low, Individual","€28,65"
FI16 2216 8635 2969 33,Wine - Masi Valpolocell,"€53,64"
DK50 8762 4806 1618 10,"Oranges - Navel, 72","€30,18"
GE20 DV97 6357 6550 1317 99,Bread - White Mini Epi,"€41,35"
VG33 QIFS 4301 9849 6238 5069,"Mushroom - Oyster, Fresh","€28,91"
CR05 2129 2734 1897 1508 8,Pork - Backfat,"€10,92"
AE52 0529 8487 1302 8212 896,Appetizer - Assorted Box,"€7,70"
LB53 9191 KSJY FBEP ZMJT ZXVT UPCS,Caviar - Salmon,"€71,66"
LT31 4380 3703 7416 5161,Wine - Casablanca Valley,"€60,36"
GI12 IOTB VGTS U07A VVXF KGJ,Wine - Coteaux Du Tricastin Ac,"€93,77"
MC06 7890 5375 28AT P6YW MAK2 Z67,Beer - Mcauslan Apricot,"€8,28"
CZ47 2278 8670 1563 4893 5398,Compound - Passion Fruit,"€13,79"
RS42 2195 0219 3243 9818 40,"Bread - Pumpernickle, Rounds","€17,44"
SI45 0208 8829 4834 166,Munchies Honey Sweet Trail Mix,"€30,27"
RO87 LYLY ZLBD 9HSE M6SG 47LE,Pan Grease,"€17,31"
FR81 0930 1175 05UV W1SU CJMF M36,Flavouring - Raspberry,"€90,42"
GR52 2768 386L QW8A 7Q0N QXDQ MLL,"Soup - Beef, Base Mix","€64,00"
BR28 6991 8054 9308 9385 4610 671Z 1,Coffee Caramel Biscotti,"€65,27"
AT79 2025 5851 9928 8422,Galliano,"€15,07"
LT67 4660 9795 4415 8391,Sauce - Balsamic Viniagrette,"€69,08"
GB29 SMPI 4927 4714 7155 54,Soup Campbells Mexicali Tortilla,"€34,46"
BH81 FWFW 6VMI RMPG G0J9 D4,Bread - Italian Roll With Herbs,"€64,56"
FO59 0030 5074 3376 88,Hot Chocolate - Individual,"€74,97"
CY54 2257 9722 NI4Z QOOF ZFVP 4KSL,Lobak,"€45,25"
GR04 2547 401Q 7KNH 7PQO YCC3 VPH,"Nut - Hazelnut, Ground, Natural","€79,43"
BH35 KWSI UEJG VVWA YYHU 2J,Salt - Table,"€89,85"
DE21 8808 7686 3948 0743 62,"Beef - Rib Roast, Capless","€2,24"
GB24 BRDD 1792 1443 1600 04,Bacardi Limon,"€58,89"
MR68 0746 3940 0928 1400 6962 415,Tomatoes - Heirloom,"€16,02"
SI46 1234 9335 1128 230,Pork - Hock And Feet Attached,"€46,49"
MC92 7262 3899 50CY M1HU UDEH G29,The Pop Shoppe Pinapple,"€28,75"
DO75 LF5U 5470 6071 2764 3481 1025,Salmon - Canned,"€44,52"
RO72 BUOK 7O3A BNZY HPLL DABJ,Pork - Liver,"€57,86"
FR94 0114 3551 40ZO 1IVW M8JE G40,Bagel - Ched Chs Presliced,"€5,74"
AZ55 DQUH AN9D 7X3K 8DYL 0GBD PROX,Oil - Cooking Spray,"€96,27"
NO91 7894 5325 352,Wine - Beringer Founders Estate,"€98,36"
PS22 OSJA RPE0 Z673 M2HL 9FMA UY4J U,"Turkey - Breast, Boneless Sk On","€25,57"
DE35 4735 5475 9791 3646 20,Boogies,"€1,96"
NL84 HULK 4099 2474 81,"Bread - White, Unsliced","€79,12"
FR68 4843 7806 45QP M1N0 TQHH F30,Tomatoes,"€56,41"
CY77 5331 5526 PZOU 6Q9H LEPO XIFE,Pernod,"€74,56"
BA91 6365 6200 5000 4675,Island Oasis - Mango Daiquiri,"€5,17"
PT53 8260 7852 9110 5982 4984 3,Kellogs Cereal In A Cup,"€1,49"
IT20 D655 0363 274U EB8Z LOLX MS4,Onions - Red,"€45,03"
MK48 2625 Y9AP JGI2 I50,"Beef - Ox Tongue, Pickled","€52,69"
SE60 4559 3002 2262 3638 5591,"Artichoke - Hearts, Canned","€73,59"
DK41 0628 6156 6338 92,Ham - Cooked,"€30,18"
PK22 XBGY 9PKT XAAY XRD3 TKLX,Flower - Commercial Bronze,"€94,78"
GB86 MKGQ 8832 5949 1522 52,Evaporated Milk - Skim,"€71,36"
TR64 9979 392N WAXP 5X54 2RLE IX,Mikes Hard Lemonade,"€25,49"
MD15 P7DD IPI9 GWZJ PNH7 WJV4,Dates,"€57,45"
MK54 338V YW9V HZ2D U19,Piping Jelly - All Colours,"€87,11"
HU82 0182 4092 0780 5355 8947 5481,Beef - Rib Eye Aaa,"€93,29"
MT21 KMZU 6073 5BV0 DRNN OTZO EGHO XX7,Cabbage Roll,"€5,95"
HR37 5342 6906 9356 9567 4,Cheese - Colby,"€52,74"
AT03 4895 6900 6805 9442,"Doilies - 10, Paper","€2,40"
CZ29 1388 0451 7774 6138 6638,"Fish - Atlantic Salmon, Cold","€91,73"
FR95 5623 3481 87NZ JCO6 SDWQ N96,Higashimaru Usukuchi Soy,"€97,97"
FI25 0190 8566 6589 35,Wine - Magnotta - Belpaese,"€40,38"
FR75 7928 0022 037N 1R0Q YAD1 A37,Beer - Steamwhistle,"€13,99"
SK94 8898 0679 1714 2789 9449,"Pepper - Black, Crushed","€83,55"
FR75 7046 9341 37LZ FUWZ 4JZJ V09,Beef - Texas Style Burger,"€12,43"
LU26 312Q EYOI 61PB BIJG,Juice - Cranberry 284ml,"€62,84"
FR62 1411 9930 96W1 M7VZ UUHY T86,Lamb - Whole Head Off,"€98,80"
RO11 ZVUG 11WM TFAU XMAD L0GO,Steampan - Half Size Shallow,"€9,37"
IT10 H847 7522 247K SECG DQPM FJM,Onions - White,"€39,35"
FR85 9679 0560 42JM FISI 3TPR W98,Yams,"€45,05"
IS07 7911 2734 1259 9417 7349 34,Bar Mix - Lime,"€79,51"
AT63 6765 9299 1719 8526,Island Oasis - Cappucino Mix,"€30,97"
NL68 YEFU 0720 1022 17,Yeast Dry - Fleischman,"€31,50"
HU16 9052 0915 8367 3368 6405 2651,Nut - Macadamia,"€71,91"
FR90 2108 7296 620Z QZYA EA2O U32,Chocolate - Dark,"€57,48"
AD43 4416 7144 QXCZ JOLQ QHNE,Nectarines,"€49,60"
VG75 DOVX 6106 4721 5238 5814,Pheasants - Whole,"€94,30"
SK63 2773 5002 1708 0182 9861,Ice Cream - Strawberry,"€44,98"
CH94 9754 6DUS JX9G QPUI U,Apples - Sliced / Wedge,"€44,55"
SK48 7874 4790 7367 8407 1221,Scallops - In Shell,"€98,84"
FR07 5400 5702 97ZB TKCY PFK2 R30,"Quail - Whole, Boneless","€78,92"
FR36 0656 1055 86NK 2CVM ILSH V71,Scallops - Live In Shell,"€53,32"
FR61 7886 1967 55EM TEUX O7ME O38,Cactus Pads,"€67,61"
PK44 JMNP GYGP CTWP ULX7 692T,"Jam - Strawberry, 20 Ml Jar","€23,43"
GE60 IW52 3759 1973 5564 98,Wine - Stoneliegh Sauvignon,"€88,33"
ME43 9813 0773 6342 4433 04,Bagelers,"€63,28"
KW22 NAUB TA6U 2DWO 4SI1 QJET WQXD RO,Shrimp - Black Tiger 16/20,"€54,17"
LI33 8415 8KHS NZP2 PSDG 4,Alize Gold Passion,"€25,68"
AZ89 FYBK 26VY IEWO FO5O FTFL EEVM,Everfresh Products,"€34,61"
AE77 9907 1828 5814 7248 213,Whmis Spray Bottle Graduated,"€27,96"
GL55 2249 6783 2245 96,Ginger - Fresh,"€96,62"
FR15 4956 0092 91GB UH6G AYYX A36,"Lemonade - Mandarin, 591 Ml","€31,72"
VG09 NQGJ 0157 7064 3173 8282,Tobasco Sauce,"€61,19"
FR23 2815 1139 75TX B9F5 RZE3 R42,Momiji Oroshi Chili Sauce,"€12,55"
MD38 5JCL DNUB 421W EUXJ 6VBY,"Salmon - Smoked, Sliced","€18,81"
FR93 9777 3159 57NS ZMIG SDPS Y83,"Pepper - Green, Chili","€83,80"
IT20 L093 9262 076I 0NPC QKCO DZL,Wild Boar - Tenderloin,"€42,96"
IT34 C190 1930 040S DTXT GN49 RY5,Sweet Pea Sprouts,"€23,52"
BE20 6627 9206 1577,"Oil - Olive, Extra Virgin","€91,31"
NO10 3519 0909 802,Sausage - Chorizo,"€5,16"
MT38 PMFS 1837 7DNE TFX1 XI6B NGMM FPZ,Cabbage - Savoy,"€51,38"
AZ51 UJTJ MFXO LCOM O5EU XPQR MPUY,Soup - Campbells Chicken,"€42,03"
TR48 6910 2ZSI C7YJ 4BL6 BRNA H2,Pork - Hock And Feet Attached,"€40,84"
FR16 4187 9221 32T1 I6TS I5OA 714,Butter Balls Salted,"€49,70"
KZ67 788D H8YK 4AHJ E4KG,Wonton Wrappers,"€92,82"
GL85 3012 9818 3102 67,Wine - Marlbourough Sauv Blanc,"€62,62"
FR32 4697 2964 83TZ XXL6 1DZF Z91,Broom - Corn,"€15,03"
FI49 7417 3397 8458 14,"Vodka - Hot, Lnferno","€97,74"
MC88 0832 3877 38C4 1I4U PFDO Z94,"Beef - Ox Tongue, Pickled","€62,47"
RO41 BGIW DDQ9 W6SY T2PP FIWV,Syrup - Monin - Granny Smith,"€9,30"
MD70 S15V R1SK IYUZ UAYW GLLD,"Star Anise, Whole","€26,81"
MR13 2212 8899 4517 7284 9918 157,"Juice - Orange, Concentrate","€27,99"
AZ77 FEJX J8IL Y3QY ENOS N7K3 OSON,Fennel - Seeds,"€32,62"
FR93 5850 6847 00S7 WVUA IAHS W99,Wine - Bouchard La Vignee Pinot,"€2,43"
SE59 4738 8666 2180 6706 6076,Grand Marnier,"€13,44"
IT70 Q690 2455 037U 9RUA 0B2O 0UK,Lumpfish Black,"€40,42"
GT58 UMZV CUOO AW9P OUB0 SFGX QXDB,Absolut Citron,"€79,79"
LB90 1961 F4NZ VVWJ N0XC A4RY 4IFO,Cheese - Pied De Vents,"€9,96"
AD55 9676 9707 10EX EXMD UV0J,Beef - Tender Tips,"€97,24"
MC73 2402 5585 55H0 SFN1 L7BU P65,Squid Ink,"€40,33"
IE51 DBCH 7927 6184 6745 72,Contreau,"€45,29"
KW55 MAKU FSMO YNNU P5ZA YLPH CKMG VW,Cocoa Butter,"€54,36"
LV16 NBER OUPK 53R0 MU3H K,Cherries - Fresh,"€54,61"
PT50 4883 2506 4714 0257 9338 9,Lettuce - Curly Endive,"€1,90"
AD93 3704 1601 HDG5 9VPZ BZUY,Lobster - Base,"€95,54"
KZ70 445U TKFG EJDZ MFJ8,Squid - Tubes / Tenticles 10/20,"€21,82"
LU54 467F FXLQ V92I 2R76,Pumpkin,"€85,69"
EE77 0897 8260 6503 6931,Butter Balls Salted,"€4,26"
CR91 2329 4017 2207 3863 7,Wine - Vouvray Cuvee Domaine,"€53,43"
BR64 2971 6630 0431 8564 8410 819V B,Nori Sea Weed - Gold Label,"€33,74"
MD16 2K2C IWIH 2UHB OE3J TY5G,Cookies - Englishbay Oatmeal,"€95,13"
FR85 6851 6736 70JR SJOO XNWX V65,Bonito Flakes - Toku Katsuo,"€3,12"
CR49 9532 9737 8248 7510 2,Hagen Daza - Dk Choocolate,"€90,31"
FR41 4806 0414 97OH I5ND T7P3 Z46,Fenngreek Seed,"€16,22"
NL58 VGKF 8158 9989 15,Muffin - Carrot Individual Wrap,"€14,05"
LU49 467V K1ES 3XHT 310P,Coconut - Whole,"€82,17"
FR81 5295 1874 07G1 A5CG DCEJ X24,"Juice - Tomato, 48 Oz","€15,19"
AL92 9206 7300 RCJA CEYJ Q1D1 BWMP,Cheese - Feta,"€90,65"
PS76 HTLU 4JNN HADE O2EB NHWF UMPK C,Ostrich - Fan Fillet,"€23,33"
FR15 1318 1561 09TU GFF7 PVTB V79,Daikon Radish,"€77,43"
PT05 3150 1503 2375 9522 0490 8,Beer - Steamwhistle,"€7,59"
LI39 4414 6ZEW I1QN ECOO J,Napkin - Beverage 1 Ply,"€43,81"
AL45 5712 0325 HJY2 RGPX QLJA GRQB,The Pop Shoppe - Grape,"€71,61"
LV93 UWCU CLVJ DGZL B7F3 P,"Nut - Cashews, Whole, Raw","€43,86"
PL13 7638 9305 5076 4882 5701 5960,English Muffin,"€71,20"
AE87 8696 8164 6868 5701 988,"Flour - Bran, Red","€59,89"
DE84 6841 3421 3101 9589 35,Sambuca - Opal Nera,"€4,79"
SK12 5701 9208 2596 8533 1282,"Chilli Paste, Hot Sambal Oelek","€14,33"
DK07 3779 5229 2200 51,Cucumber - Pickling Ontario,"€36,35"
SE58 6612 5556 0327 4808 1412,"Water - Spring Water, 355 Ml","€9,71"
PK57 OMSY TJP2 XOAP JEFG PXYZ,Tea - Earl Grey,"€30,15"
SE24 8981 7786 4494 6905 7076,Cranberries - Frozen,"€47,53"
IE18 ITLB 3260 7483 5289 12,Flounder - Fresh,"€54,03"
SA28 204H 7KAC 8XZQ XYZC TY8F,"Mushroom - Oyster, Fresh","€99,15"
TN38 5232 6021 9490 2633 9912,Onions - Red,"€40,30"
DK85 5796 3922 0892 40,Veal - Heart,"€88,47"
BR52 4177 4656 6934 1967 9468 465S N,Kiwano,"€94,08"
PL09 5689 8048 6508 0694 0170 1905,"Cherries - Maraschino,jar","€19,01"
FR38 8728 6723 48RE ZFMB 9P7T C02,Roe - White Fish,"€2,37"
PK90 PKED B46C GTTZ CODZ VENZ,Chef Hat 25cm,"€55,06"
CH96 6455 4KIU SFOB FXMK Z,Cleaner - Lime Away,"€59,37"
PT17 0579 9193 0759 3976 8784 3,Wine - Domaine Boyar Royal,"€59,39"
GL17 1859 1131 3121 19,Nantucket - Orange Mango Cktl,"€43,11"
VG89 JCDY 7939 2889 3522 4451,Chicken - Tenderloin,"€88,88"
PT80 0027 2545 0701 4719 6665 3,"Lid - High Heat, Super Clear","€24,54"
GT70 DV8U ZTZV BXCD ET0U CFMU QNOP,Juice Peach Nectar,"€5,60"
HR69 2866 8274 5183 4342 0,Lobak,"€89,23"
LV24 OSSX BYPR 2BBE NHTT P,Muffin - Mix - Bran And Maple 15l,"€63,73"
GE05 QU67 9800 0518 2651 40,Tea Leaves - Oolong,"€5,41"
NL02 IYHH 3109 0158 00,Broom Handle,"€30,69"
RS57 6464 7608 0432 2292 68,Creme De Menth - White,"€46,71"
FR12 7720 5719 97XS 0B06 1IG0 332,Cleaner - Lime Away,"€95,33"
LI04 4423 1KCX OGZI DNKZ O,Flower - Dish Garden,"€5,18"
AL56 1215 4231 N5AI 40S4 REIM 7ZLH,Gingerale - Diet - Schweppes,"€77,37"
HR58 4048 8696 8768 3042 7,"Lamb - Whole, Frozen","€7,30"
IS76 8562 3685 1756 4202 1338 06,"Soup - Campbells, Beef Barley","€71,76"
AZ69 CEKE MNB8 C21U TIK7 0EKK 0BWI,Eggplant Italian,"€67,20"
GI69 JKAN UDKE HUZM NHST 76I,Tequila - Sauza Silver,"€82,60"
MD19 GFRU AYMU O83F SFNV J3JV,Squid Ink,"€59,16"
AE29 5554 6868 9608 7503 122,Flavouring - Orange,"€12,41"
MC55 2128 0497 55AO 7OF0 EHOH W58,"Bread - Roll, Whole Wheat","€70,77"
PT48 3046 9998 7327 2790 6539 1,Bread - Calabrese Baguette,"€24,64"
BG94 XNTX 9732 387F VW6P NB,Sloe Gin - Mcguinness,"€13,82"
AD69 6233 5465 7TSR B2UB GLJ6,Flour - Strong,"€32,48"
PS19 JVZZ 9PBG CJQE VHBS 0819 IZU7 S,Beer - Blue Light,"€34,24"
DK33 5929 7845 8766 37,Container - Foam Dixie 12 Oz,"€14,02"
FR92 2254 5168 06CG LULJ SJE0 R27,Pears - Fiorelle,"€72,77"
GL37 3648 6821 9319 25,Broom And Broom Rack White,"€46,32"
ES28 2140 2449 6604 8912 6523,Flower - Dish Garden,"€31,25"
GL28 5470 0061 5047 30,Potatoes - Pei 10 Oz,"€82,87"
LI07 6913 7GA4 94R1 I4U8 B,Wine - Merlot Vina Carmen,"€87,86"
MU17 WUSQ 9304 5033 6002 7815 569O BH,Banana - Leaves,"€25,22"
FR64 7219 8667 08LR XV5J 5KNP M56,"Wine - Cahors Ac 2000, Clos","€1,52"
ME83 3232 8136 4727 5152 26,Bacardi Breezer - Strawberry,"€56,34"
FR38 5269 5912 96OP HV6O ANSJ N83,"Pineapple - Canned, Rings","€40,31"
HR24 0676 9171 8725 0832 6,Dehydrated Kelp Kombo,"€91,86"
BA79 0170 5077 9504 3258,Beans - Soya Bean,"€18,02"
FR80 3018 1101 10SZ JTUF AMWR S65,Wine - Pinot Noir Pond Haddock,"€57,22"
AZ98 EFRY KCJD OHEA VX4N 7ZZR WH0G,Lettuce - Escarole,"€49,45"
EE10 7873 0182 1870 6346,Yogurt - French Vanilla,"€74,99"
FR40 0246 6859 77V5 PTIS LIMI E48,Wine - Dubouef Macon - Villages,"€14,32"
RO02 GXAV J0ZK VVN1 XPLR 9AJW,Beer - Corona,"€72,66"
FR86 1736 2431 73YN TMX4 JFPF Y31,"Shrimp - 16/20, Peeled Deviened","€2,68"
BA23 2997 9693 6761 3460,"Croissant, Raw - Mini","€56,77"
MU97 ZLNN 6825 3356 0661 3443 195M IV,Wine - Cave Springs Dry Riesling,"€73,23"
AD86 0084 7376 EI9S WPQR ITPW,Beef - Ground Lean Fresh,"€5,55"
DE56 8386 1309 9437 5365 27,Table Cloth 62x114 White,"€26,90"
DO75 57BT 6271 4898 0301 5802 7447,"Bread - Roll, Whole Wheat","€49,51"
ME13 1234 9241 9222 3585 03,Napkin White - Starched,"€47,52"
FR51 1263 4729 26RS BAPB WT81 Y26,Vinegar - Sherry,"€26,06"
FR36 3469 5469 27CK EN6K 8NWR T48,"Placemat - Scallop, White","€98,33"
FR45 6936 6018 81CK ZBQH JQZR C70,Beef - Tenderloin,"€42,43"
TN37 2511 9716 9571 9926 1709,Crush - Cream Soda,"€11,90"
IE18 BOSU 6929 4363 0769 93,"Soup - Knorr, French Onion","€46,83"
TN93 0380 8485 1097 9260 6486,Table Cloth 53x69 White,"€72,03"
FR57 3172 8938 26ZP OPBM PHBM F76,Beans - Fine,"€70,12"
CH18 1730 7RYC TQF7 YIRS P,Melon - Cantaloupe,"€7,09"
MU81 JFEQ 5854 2837 6387 0185 543G XH,Muffin Mix - Morning Glory,"€22,26"
DE28 6117 3467 2291 5976 30,"Wine - Red, Gallo, Merlot","€37,09"
SI70 1495 2111 4799 790,Wine - Hardys Bankside Shiraz,"€50,89"
AT02 0690 7035 8213 7826,Jolt Cola - Electric Blue,"€94,60"
SI63 4434 5636 3634 621,"Pasta - Penne, Lisce, Dry","€30,84"
HR39 2993 6371 2443 4286 0,"Flour - Corn, Fine","€59,31"
MT24 QBAN 1775 4L8S YRXD STWY HAVR 71H,Mussels - Frozen,"€37,73"
LV41 ZDDY BVJQ FAX6 8HXL K,Crab - Meat,"€34,99"
FR13 0301 0684 9217 KHZR PUMF S40,Yoghurt Tubes,"€82,18"
FR45 4022 5948 22BQ OR6Z FQKH O15,Cocoa Powder - Natural,"€53,07"
CH29 9448 56ZX DOP0 2K2E K,Wakami Seaweed,"€5,67"
MU25 XUNF 9308 9567 7684 7356 331N PX,Oil - Sunflower,"€87,44"
GB08 HDOW 0026 4503 9173 06,Pastry - Baked Scones - Mini,"€71,47"
FR77 5129 0519 07KT 9UVA WZOK Q08,Cabbage Roll,"€46,81"
BH61 IKYU WHRU AXID HDFC 9T,Compound - Rum,"€34,64"
SA87 95SG AVHG YSAR M4HJ WOXM,Lamb - Rack,"€35,95"
SK76 7061 6701 9824 0189 4051,"Turkey - Breast, Smoked","€91,26"
FI31 5312 6887 3878 04,"Soup - French Onion, Dry","€28,85"
SA25 46MM V7FZ B1VK CWPI BPWJ,Cake - Night And Day Choclate,"€2,67"
MC50 3946 1221 96M2 6WUK UKVU Q73,Cranberries - Frozen,"€55,36"
FR53 5350 4165 94XQ DFMG DKXU S39,Wine - Niagara Peninsula Vqa,"€47,47"
FR97 9586 0705 09S6 UZZR AHPG O25,"Shrimp, Dried, Small / Lb","€54,32"
MT50 JJZC 2497 3FT6 TX3P XVGP CPXV XO4,Garlic Powder,"€8,95"
BA04 2362 4776 7517 3329,"Chilli Paste, Ginger Garlic","€76,55"
MR77 4219 4972 6893 7759 9475 599,Munchies Honey Sweet Trail Mix,"€49,99"
FR23 1146 1797 85UL H2CT JHDD E06,"Tart Shells - Sweet, 4","€86,04"
FR10 9904 8424 67EK RZV1 LVEV Y35,Cheese - Taleggio D.o.p.,"€65,29"
FR98 5566 7819 70Y6 PAZN QO8T F79,Butter - Unsalted,"€48,98"
BG71 EORZ 2252 24LR YQYC I3,Radish - Pickled,"€46,16"
LT09 0499 1803 0211 0088,Curry Paste - Green Masala,"€91,33"
PK11 VYVI 4HXZ VD6D KD9E 9EQL,Flower - Potmums,"€7,30"
DO19 WFK4 0362 7024 9788 2836 6534,Ice Cream - Fudge Bars,"€31,98"
FR15 2618 9413 13W3 CR77 RS0S S69,Shiratamako - Rice Flour,"€68,87"
AD11 8116 1212 KYS3 LAIH O5E8,Beer - Mcauslan Apricot,"€3,00"
RO48 GUIQ 5IGM QLSQ 7WOJ KJ1R,Oil - Shortening - All - Purpose,"€61,28"
PS29 RUXR MVG1 9URC JHAI HATP HQNY Q,Cheese - Cheddarsliced,"€16,50"
FR81 8090 1846 40PH 0ALT KVLJ 252,"Yogurt - Cherry, 175 Gr","€5,70"
FI79 3149 4150 5052 31,"Cheese - Brie, Cups 125g","€14,15"
GI35 MLET ORCA BVVZ MOCM LHZ,"Sauce - Bernaise, Mix","€77,62"
BH51 MXXM C9L3 TXWE LQAM 7J,Langers - Cranberry Cocktail,"€92,74"
BR90 2334 8747 3143 5712 9778 711N V,Tea - Decaf Lipton,"€25,60"
PT04 8388 0764 5315 1365 6110 0,Broom And Broom Rack White,"€48,01"
FR03 0049 4349 75PF TBD3 WQU7 I00,Ice Cream - Super Sandwich,"€69,11"
DE59 2386 5208 2238 4152 81,"Juice - Tomato, 10 Oz","€95,85"
PS77 EFVI 3CNT TTJG EIPF TX2K USSH O,"Napkin - Cocktail,beige 2 - Ply","€58,10"
FR89 4376 3245 42G6 KOIT DVRL 142,Gingerale - Diet - Schweppes,"€5,49"
AE98 0955 0070 6495 0641 557,Spice - Greek 1 Step,"€88,01"
PS39 XIWP 3TCE ELOH CY9Q XYSO PBDV 6,Pop - Club Soda Can,"€8,99"
FR75 1434 3812 744U QWJB F0X9 U73,Milk - 1%,"€99,53"
AE82 7062 7287 3658 1765 847,"Crab - Dungeness, Whole, live","€39,14"
FR35 3875 1599 08TQ Y6WM S2ZE Y14,Wine - Duboeuf Beaujolais,"€95,28"
LU69 286I WJPY YDWE VDUH,Chocolate - Milk,"€89,46"
TR80 6160 2VCP 4VFY ZOUR VL0Q DD,"Artichoke - Bottom, Canned","€22,55"
AT75 2629 2125 8135 5625,Glass Clear 8 Oz,"€24,23"
SE97 6666 6656 4434 6854 4404,"Pork - Loin, Center Cut","€33,76"
AD33 8463 1081 RZ82 MOSU ZXA4,Beer - Camerons Auburn,"€33,69"
BR40 6282 5889 9604 4884 1694 357M 5,Flour - All Purpose,"€42,63"
CR82 1576 3360 1090 3260 3,Waffle Stix,"€62,49"
